Gender,Age,Attendance,Study_Hours_Per_Day,Previous_Marks,Assignment_Score,Internal_Marks,Sleep_Hours,Internet_Usage,Participation,Family_Support,Overall_Academic_Score,Study_Efficiency,Lifestyle_Balance,Actual_Result,Predicted_Result
1,-1.3575038558451809,0.3509197391350221,-0.6958418477351404,-0.033747313642393674,1.157682852908591,0.024731234891882697,1.3069428032862611,0.04460803294459569,0,2,0.5489452810682776,-0.0908028504570219,1.057988452355265,Average,Average
0,1.3764899237591015,0.988792372780996,-0.5537275675892548,0.8216978990925676,-0.5311365278318837,1.479990676463814,0.9620176923158661,-0.8045873817513934,2,2,1.077804763839915,-0.04841122487000779,1.2726117349349058,Pass,Pass
0,-1.3575038558451809,0.8250142641421645,1.7201009147449127,0.06890611188580167,0.463549463366955,-0.2695908993586203,1.3931740810288593,2.1675965696845685,2,2,0.1276992077398365,-0.3425723092791278,-0.12243960183275955,Pass,Average
0,0.46515866389100746,0.7301953591407365,0.15684383314017253,-0.18430567108374657,0.8714422799017308,1.9378251075201514,1.4794053587714577,0.28723529428630684,2,0,1.3195033305037744,-0.24747998143626784,1.0579884523552645,Pass,Pass
1,0.46515866389100746,0.24748093367891807,0.5831866735778286,-0.6565114285134451,-0.2162718975243377,-1.4795818957217988,-2.401002139645482,0.34789210962173467,0,1,-1.3270959744654913,-0.3131264267581634,-2.1971313334359537,Fail,Fail
0,1.3764899237591015,-0.7351877181540672,0.15684383314017253,-0.6633549902153248,0.5136415636431557,0.597024273712305,1.4794053587714577,1.3184011549885792,2,0,0.11676522496218583,-0.27815988667545366,0.4498891517129491,Average,Average
1,-1.3575038558451809,0.1785217300415158,-0.7668989878080827,0.0552189884820421,0.4993295349928125,1.9378251075201514,1.1344802478010636,-0.6226169357451101,1,2,1.3010882016150997,-0.06224507305058619,1.3083822820315123,Pass,Pass
0,-1.3575038558451809,1.8163028164298258,-0.41161328744336917,1.4102442054542215,0.0842807041328656,1.316478379657979,0.013473637147281042,1.439714785659435,2,2,1.6843530716106487,-0.034457549450111404,-0.8378505437648952,Pass,Average
1,0.46515866389100746,0.10956252640411351,0.2989581132860581,2.409404213928656,-0.0015914677691926278,0.09013615361421644,2.255486858454846,-0.31933285906797115,2,2,1.6676643610552875,-0.10506125530085042,2.059563771060255,Pass,Pass
1,-0.44617259597708664,0.42849884322710047,0.15684383314017253,-1.477738832739008,-0.030215525069879044,-0.15513229159453598,0.6170925813454711,0.10526484828002354,2,2,-1.0905766628015714,-0.3303157255820696,0.4498891517129491,Fail,Average
1,-0.44617259597708664,0.5060779473191775,-0.05632758707865553,-0.4375174540532953,-0.9676534016673455,-0.13878106191395226,1.5656366365140562,1.500371600994863,1,1,-0.834491276693434,-0.23970043403633146,0.4141186046163418,Fail,Fail
0,-0.44617259597708664,0.4543585445911261,0.8674152338695997,0.6506088565455753,2.145212829782258,0.4008095175453032,-0.9350704180213048,-0.6832737510805379,1,1,1.6843530716106487,-0.26637490720262363,-0.37283343150900755,Average,Pass
1,-1.3575038558451809,-0.8903459263382238,-0.05632758707865553,-0.5470144412833704,-0.18764784022365127,0.5643218143511382,-0.6763765847935089,0.7118330016343013,1,1,-0.16061265392348148,-0.24737041034612797,-0.9809327321513228,Fail,Fail
0,-0.44617259597708664,-1.5368384604388718,-0.8379561278810256,0.39055351187414733,-0.6170086997339419,1.0221562454074755,-0.7626078625361072,0.833146632305157,1,0,0.5046338771799043,-0.004670445686140002,-1.1240149205377499,Fail,Fail
0,-0.44617259597708664,-0.674848414971341,-0.05632758707865553,-0.642824305109686,-0.35939218402776774,1.9378251075201514,1.8243304697418528,0.529862555628018,2,2,0.41716201495869726,-0.2540816396171998,1.2010706407416918,Average,Average
1,0.46515866389100746,1.074991377327749,0.2989581132860581,-0.6154500583021674,-0.45242037025499704,-0.18783475095570284,-0.5039140293083114,-0.25867604373254327,0,2,-0.7314816494724077,-0.28831150010787926,-0.26552179021918687,Average,Average
0,0.46515866389100746,0.5146978477738536,-0.7668989878080827,0.5137376225079815,0.29896113388801066,-0.4167519664838715,0.4446300258602744,1.500371600994863,1,0,0.2698409838492985,-0.015527944618189562,-0.5159156198954342,Fail,Average
1,1.3764899237591015,0.9543127709622943,0.2989581132860581,1.0954403671677553,-0.044527553720221234,1.1366148531715605,-1.4524580844768964,-1.0472146430931046,1,2,1.315475021059377,-0.18466317159711637,-0.5874567140886475,Average,Pass
1,-1.3575038558451809,-0.9075857272475735,-0.6958418477351404,1.280216533118507,0.5780456925696986,-0.8745863975402095,0.2721674703750769,1.439714785659435,2,2,0.6784266560667755,0.03725240619349291,-0.6232272611852542,Average,Average
1,1.3764899237591015,-0.7869071208821198,-1.3353561083916248,-0.06112156044991234,-0.7529729719122004,-1.2016109911518793,-1.0213016957639032,-0.25867604373254327,2,2,-1.0387841128021724,0.18050469665037458,-0.6947683553784683,Fail,Fail
1,0.46515866389100746,-1.0799837363410798,-1.0511275480998539,-0.1706185476799875,-1.2038018743980048,0.18824353169771765,2.557296330553941,0.04460803294459569,1,2,-0.5962455466961999,0.01127823521200816,2.0953343181568616,Average,Fail
1,0.46515866389100746,0.38539934095372386,-0.34055614737042667,0.5890168012286587,0.6209817785207282,-0.9890450053042938,0.2721674703750769,0.7724898169697294,0,1,0.17373702996152474,-0.11752866853028779,-0.22975124312258022,Fail,Average
0,0.46515866389100746,1.0491316759637221,-1.1221846881727966,1.115971052273394,-1.2753620176497198,0.9894537860463092,-0.07275764059531808,2.9561351690451305,0,1,0.6577096360670153,0.21215140562608928,-1.8036553153732795,Average,Fail
0,0.46515866389100746,1.600805305062943,-0.2694990072974839,-1.6351407518822412,-0.2091158831991666,0.4171607472258863,0.013473637147281042,-0.6832737510805379,2,0,-0.9806613622472924,-0.3033083410192986,0.4141186046163424,Fail,Average
0,1.3764899237591015,-0.7265678176993924,-0.1984418672245411,0.5616425544211395,-0.45242037025499704,0.4662144362676369,-0.07275764059531808,1.0757738936468684,0,0,0.40565255940327605,-0.1463823889338079,-0.6947683553784685,Pass,Average
1,-1.3575038558451809,0.23886103322424326,0.014729552994286943,-2.0183802071875037,0.17730889036009492,-0.498508114886789,1.1344802478010636,0.04460803294459569,2,2,-1.535417120018627,-0.35556356101916586,0.9149062639688377,Fail,Fail
1,0.46515866389100746,-1.4075399536187423,-0.05632758707865553,0.1852466608177566,0.4134573630907543,0.6624291924346393,0.5308613036028728,-1.1078714584285323,2,0,0.6738228738446044,-0.1960774437743641,1.0937589994518717,Pass,Average
0,-0.44617259597708664,-0.16627428814549683,-0.2694990072974839,-1.279275543384497,-0.07315161102090766,-0.6129667226508739,-0.5039140293083114,-0.016048782390832156,2,2,-1.2194825650222962,-0.2758022190807182,-0.4086039786056142,Fail,Fail
0,-0.44617259597708664,-0.8558663245195222,-0.7668989878080827,1.163875984186552,0.9143783658527594,-1.2670159098742138,-0.07275764059531808,-1.7750964271182381,0,0,0.5552754816237604,0.050712759875507156,0.9864473581620511,Average,Average
1,0.46515866389100746,0.03198342231203518,-0.6958418477351404,0.1784030991158773,-1.3755462182021212,0.28635090978121824,-0.4176827515657123,0.7724898169697294,2,0,-0.39252818336523276,-0.07012726214365751,-0.8020799966682886,Average,Fail
0,-0.44617259597708664,-0.2697130936016009,1.2937580743072559,-1.6351407518822412,0.6496058358214136,1.1366148531715605,-0.9350704180213048,-0.6832737510805379,0,2,-0.18650892892318174,-0.39663416500246096,-0.37283343150900755,Pass,Pass
1,0.46515866389100746,-1.3472006504360154,-0.9800704080269111,0.027844741674523922,1.9090643570515986,0.5316193549899707,0.6170925813454711,0.5905193709634459,2,0,1.220522012727146,0.006748015286338996,0.16372477494009444,Average,Average
1,-1.3575038558451809,-0.5283101072418603,0.9384723739425422,-1.9294139050630676,-0.6241647140591136,-0.956342545943127,-0.8488391402787057,-0.07670559772626001,2,0,-2.1039842244564695,-0.39760190284888025,-0.6589978082818615,Fail,Fail
1,0.46515866389100746,0.6181366532299564,1.080586654088428,-0.40329964554389686,-0.2234279118495088,1.9378251075201514,-0.6763765847935089,0.28723529428630684,2,0,0.6438982894005085,-0.3314205674076474,-0.7305389024750755,Pass,Pass
0,-1.3575038558451809,0.7043356577767096,0.014729552994286943,-0.14324430087246834,-1.919403306915155,-0.3186445884003709,-1.5386893622194955,0.04460803294459569,2,2,-1.1907089261337407,-0.22819546957163672,-1.3028676560207841,Average,Fail
1,0.46515866389100746,0.10094262594943747,0.5831866735778286,-0.9850023902036705,0.3705212771397257,0.9404000970045581,-0.07275764059531808,0.226578478950879,2,0,0.012604652185617538,-0.3310853956786624,-0.1939806960259729,Pass,Average
1,-0.44617259597708664,-1.7178563699870537,-0.7668989878080827,2.0946003756421905,-0.06599559669573656,0.4662144362676369,0.7033238590880703,-0.5619601204096822,0,2,1.6233529571669125,0.14554155788753606,0.9149062639688377,Pass,Pass
0,-1.3575038558451809,-1.1058434377051067,0.014729552994286943,0.0483754267801628,-1.6617867912089814,0.041082464572465845,-0.4176827515657123,2.9561351690451305,2,1,-0.7475948872499976,-0.21517975219743668,-2.0898196921461336,Fail,Fail
1,-0.44617259597708664,0.868113766415541,0.4410723934319434,0.6848266650549738,-0.28783204077605273,-0.20418598063628657,-0.07275764059531808,0.16592166361545138,1,1,0.21402012440550072,-0.22544214474247906,-0.15821014892936686,Average,Pass
1,-0.44617259597708664,0.13542222776813923,-0.6958418477351404,0.7874800905831691,-0.4595763845801687,0.6787804221152219,-0.3314514738231139,0.9544602629760126,2,0,0.6663417277335804,-0.010768315050450132,-0.8378505437648955,Pass,Average
0,-1.3575038558451809,0.3250600377709964,0.2989581132860581,1.5676461245974542,0.8356622082758733,-1.2506646801936299,0.2721674703750769,0.7118330016343013,2,2,0.7975495210653918,-0.15605623292814577,-0.1939806960259729,Average,Average
0,-0.44617259597708664,-0.9248255281569244,0.5121295335048861,0.855915707601966,1.3294271967127065,1.0875611641298093,0.5308613036028728,-1.229185089099388,2,0,1.7913910082760713,-0.2232099849702691,1.165300093645085,Pass,Pass
1,-0.44617259597708664,0.5577973500472302,0.014729552994286943,-1.902039658255549,0.950158437478617,0.4171607472258863,1.7380991919992543,1.2577443396531516,2,0,-0.6008493289183694,-0.3476611611848301,0.7002829813891971,Average,Average
0,0.46515866389100746,-0.31281259587497745,-0.9090132679539683,-0.42383033064953574,-0.4595763845801687,0.8259414892404743,2.0830243029696494,-0.4406464897388266,1,2,-0.07083890059119219,-0.0701939575898297,1.9880226768670424,Average,Average
1,0.46515866389100746,1.7818232146111241,0.5831866735778286,0.4521455671910649,0.5708896782445275,0.4662144362676369,-2.0560770286750873,-0.25867604373254327,0,2,0.8257476871761759,-0.25251490665147913,-1.5532614856970315,Pass,Pass
0,-1.3575038558451809,-0.09731508450809456,-0.34055614737042667,-0.9302538965886327,0.25602504793698105,-0.9726937756237107,1.2207115255436618,0.5905193709634459,2,2,-1.0157652016913283,-0.23915257858563166,0.6645124342925898,Fail,Fail
0,-1.3575038558451809,0.04060332276671123,-1.1221846881727966,-0.7933826625510388,0.0842807041328656,-0.2205372103168697,2.557296330553941,-1.1685282737639602,2,2,-0.6094814205849362,-0.03960428736605322,2.8107452600889977,Fail,Average
1,-1.3575038558451809,0.42849884322710047,0.7963580937966573,0.5274247459117412,0.7569460506989862,-1.7412015706111348,-1.4524580844768964,0.40854892495716255,2,2,-0.19916933003414575,-0.266893986407428,-1.4459498444072107,Average,Average
1,0.46515866389100746,-0.3731518990577049,-1.0511275480998539,-0.6633549902153248,-0.8531571724646013,-1.381474517638298,0.0997049148898794,0.226578478950879,0,0,-1.5872096700180258,-0.050081575266363455,-0.05089850763954622,Average,Fail
0,1.3764899237591015,-0.0024961795066653484,0.7253009537237142,0.7737929671794096,-0.33792414105225344,-0.7437765600955414,-0.15898891833791645,-0.8652441970868212,2,2,-0.03515958836938242,-0.24817308228552526,0.37834805751973577,Pass,Average
1,-1.3575038558451809,-0.7696673199727689,0.4410723934319434,0.8627592693038463,-1.5544465763314088,1.0385074750880592,-2.616580334001979,0.7724898169697294,2,0,0.37860533884803466,-0.21521550966275044,-2.6263778985952357,Average,Average
1,0.46515866389100746,-0.9075857272475735,-0.6958418477351404,0.2468387161346742,0.055656646832179184,0.3844582878647195,-1.5386893622194955,-1.7750964271182381,1,2,0.3958695221811665,-0.0634577175264432,-0.22975124312258022,Fail,Average
0,1.3764899237591015,1.4111674950600857,-0.9090132679539683,0.2536822778365535,-0.15186776859779377,0.05743369425304957,0.7033238590880703,-0.9865578277576769,0,1,0.12769920773983814,0.005738807877155223,1.165300093645085,Average,Pass
1,0.46515866389100746,1.5232262009708646,-0.2694990072974839,0.4179277586816665,0.5995137355452139,-0.9072888569013764,0.0997049148898794,0.9544602629760126,0,0,0.09144442274025942,-0.14461917598902704,-0.48014507279882757,Average,Average
1,-0.44617259597708664,0.12680232731346439,0.6542438136507717,-0.5607015646871295,0.0985927327832088,1.2347222312550616,-0.3314514738231139,0.833146632305157,2,2,0.32220900662646795,-0.312930445946531,-0.7663094495716819,Average,Average
0,1.3764899237591015,0.3767794404990478,-0.8379561278810256,-1.4708952710371286,0.07712468980769349,1.103912393810393,-0.4176827515657123,-1.3504987197702436,1,2,-0.3695092722543886,-0.2033593558065816,0.44988915171294974,Average,Fail
1,-1.3575038558451809,-0.7179479172447175,-0.6247847076621975,0.28790008634595193,0.463549463366955,0.6297267330734718,-0.24522019608051557,-0.5619601204096822,2,1,0.7497852805103902,-0.07863093153060582,0.12795422784348778,Average,Average
0,1.3764899237591015,-0.5369300076965352,0.5121295335048861,-0.7660084157435202,-1.1393977454714614,-1.1852597614712963,0.5308613036028728,-0.016048782390832156,2,2,-1.6907947700168229,-0.3140992042413571,0.4498891517129491,Pass,Fail
0,0.46515866389100746,0.057843123676060884,0.9384723739425422,-0.6086064966002875,1.2006189388596196,-1.1198548427489619,2.255486858454846,1.136430708982296,0,1,-0.4213018222537875,-0.3332407972927622,1.2010706407416918,Pass,Pass
1,1.3764899237591015,0.9112132686889176,-0.6247847076621975,-0.7728519774454,-1.1179297024959471,1.1856685422133104,1.1344802478010636,0.5905193709634459,2,2,-0.43338675058698095,-0.17770145886547672,0.5929713400993765,Fail,Average
0,1.3764899237591015,1.6525247077909944,1.2937580743072559,-0.5812322497927689,-0.5597605851325697,-0.0243224541498679,-0.7626078625361072,1.0151170783114403,2,1,-0.6739343716952981,-0.3503135237589843,-1.2313265618275702,Average,Average
0,0.46515866389100746,0.18714163049619062,-0.41161328744336917,0.0004704948670047733,0.22024497631112352,-0.5802642632897065,0.2721674703750769,0.7118330016343013,2,2,-0.1997448028119163,-0.15149570647367222,-0.1939806960259729,Fail,Average
0,-0.44617259597708664,-0.0369757813253671,-1.6195846686833957,1.3897135203485818,-1.3397661465762638,-0.792830249137292,-0.5901453070509097,-1.7144396117828105,1,2,-0.1301125967016134,0.785775398583455,0.521430245906163,Average,Fail
1,1.3764899237591015,-0.23523349178289912,1.577986634599027,1.7797965373557243,0.14152881873423742,-0.4167519664838715,-1.4524580844768964,1.5610284163302905,2,0,1.0455782882847338,-0.2664058970058955,-2.12559023924274,Pass,Pass
0,-0.44617259597708664,-0.2697130936016009,0.2989581132860581,-0.2869590966119419,0.34189721983903926,0.5479705846705544,-0.15898891833791645,-0.8045873817513934,0,1,0.26120889218273174,-0.26841102103381276,0.34257751042312906,Average,Pass
1,-1.3575038558451809,1.6180451059722938,0.4410723934319434,1.259685848012868,-0.9533413730170022,-1.8229577190140522,1.1344802478010636,-0.5619601204096822,2,2,-0.5749530539186691,-0.19240224679258658,1.2726117349349058,Pass,Average
0,-0.44617259597708664,1.5404660018802154,-0.5537275675892548,0.7464187203718914,-0.7458169575870287,-1.1035036130683789,-1.1075329735065023,-0.016048782390832156,2,0,-0.4402924239202344,-0.05516080402262864,-0.9093916379581095,Fail,Average
1,0.46515866389100746,0.8422540650515153,0.08578669306722973,1.5402718777899351,-0.08030762534607874,0.6460779627540556,-2.616580334001979,-0.31933285906797115,0,2,1.3384939321702212,-0.12577872708200172,-1.9825080508563135,Pass,Pass
1,-0.44617259597708664,-1.4161598540734177,-1.0511275480998539,-1.8130733561311132,-0.8388451438142586,-0.43310319616445525,0.2721674703750769,-0.6832737510805379,2,0,-1.8530780933482711,-0.19325446638256405,0.6287418871959831,Fail,Fail
1,-1.3575038558451809,0.42849884322710047,-0.6958418477351404,1.163875984186552,-0.7887530435380579,0.727834111156973,0.9620176923158661,-0.8045873817513934,2,2,0.7866155382877411,0.025914180344228568,1.2726117349349058,Pass,Average
1,-0.44617259597708664,-1.4592593563467942,-0.5537275675892548,-1.4024596540183316,0.3848333057900689,0.48256566594822065,-0.24522019608051557,0.226578478950879,1,1,-0.5030189566972822,-0.24783060892471573,-0.33706288441240084,Fail,Fail
1,0.46515866389100746,0.9284530695982686,-1.6906418087563384,0.21262090762527575,-0.05168356804539335,0.7441853408375568,-0.6763765847935089,0.16592166361545138,2,2,0.5109640777353871,0.6376596338453856,-0.6589978082818618,Average,Fail
0,1.3764899237591015,-0.045595681780041926,1.2227009342343134,0.3152743331534711,1.157682852908591,0.23729722073946824,0.2721674703750769,-1.7750964271182381,1,2,0.8959553660642494,-0.30673602698395247,1.2726117349349058,Pass,Pass
1,1.3764899237591015,0.09232272549476264,0.3700152533590006,-0.8276004710604373,-1.0964616595204322,-0.18783475095570284,1.7380991919992543,-1.7750964271182381,1,2,-1.18495419835603,-0.3069136474879688,2.488810336219537,Fail,Average
0,-0.44617259597708664,0.12680232731346439,-1.6195846686833957,0.6369217331418158,-0.6384767427094562,-0.4167519664838715,-1.366226806734298,-1.7750964271182381,0,2,-0.0996125394797453,0.6170359197679329,-0.08666905473615288,Fail,Fail
0,1.3764899237591015,-1.8299150758978326,-0.6958418477351404,-0.3553947136307388,1.2650230677861636,-0.8418839381790426,0.0997049148898794,0.04460803294459569,2,1,-0.07314079170227449,-0.12214971015792919,0.056413133650274436,Fail,Fail
1,-1.3575038558451809,0.30782023686164556,0.8674152338695997,-0.7181034838303627,-0.7887530435380579,-0.8418839381790426,-1.0213016957639032,0.226578478950879,2,0,-1.3081053727990444,-0.3345524744008143,-0.9809327321513225,Fail,Average
1,0.46515866389100746,0.2302411327695672,-0.6247847076621975,-1.1081865008375047,-0.11608769697193626,-0.2205372103168697,-0.8488391402787057,0.28723529428630684,2,1,-0.9179348294702421,-0.2090205287971456,-0.8736210908615022,Fail,Fail
0,-0.44617259597708664,-0.5196902067871843,1.4358723544531415,-1.1629349944525424,-0.6671008000101422,-2.084577393903388,-1.969845750932489,1.2577443396531516,0,1,-2.204691960566411,-0.38130556269927174,-2.375984068918988,Fail,Fail
0,0.46515866389100746,0.04922322322138606,1.0095295140154854,0.5753296778248992,0.005564546555978467,0.4498632065870532,-0.24522019608051557,1.3184011549885792,1,2,0.6272095788451472,-0.28074296684300826,-0.9809327321513228,Average,Pass
0,-1.3575038558451809,-1.2179021436158857,-0.7668989878080827,0.28105652464407266,0.19877693333560922,-1.0708011537072113,-0.24522019608051557,-1.7750964271182381,2,0,-0.2803109916998683,-0.03923514412119676,0.8433651697756237,Average,Average
0,1.3764899237591015,1.1353306805104755,1.2227009342343134,-0.41698676894765596,-0.2305839261746809,-0.40040073680328836,0.5308613036028728,-0.9865578277576769,0,0,-0.6031512200294533,-0.3395635255898813,1.0222179052586577,Pass,Pass
0,1.3764899237591015,-0.6317489126979644,-0.41161328744336917,0.6300781714399365,-0.30214406942639593,0.00838000521129897,0.2721674703750769,0.34789210962173467,2,0,0.2825013849602625,-0.09922623828839265,0.020642586553667762,Average,Average
0,0.46515866389100746,0.7215754586860604,1.2227009342343134,0.4658326905948235,-0.5311365278318837,1.643502973269649,0.8757864145732677,1.6823420470011463,0,0,0.9247290049528025,-0.2999864478313316,-0.26552179021918626,Pass,Pass
1,-0.44617259597708664,1.8163028164298258,0.3700152533590006,0.9654126948320416,0.6281377928458993,0.6133755033928882,1.1344802478010636,0.4692057402925904,2,2,1.2763428721709422,-0.20114871100551235,0.6645124342925898,Pass,Pass
0,-1.3575038558451809,-0.33005239678432835,0.7253009537237142,0.9311948863226432,0.8785982942269019,1.9378251075201514,0.013473637147281042,0.34789210962173467,1,0,2.0733726693839083,-0.2399679913494639,-0.1939806960259729,Pass,Pass
0,-1.3575038558451809,0.5750371509565798,-1.4064132484645675,0.6848266650549738,-0.30214406942639593,-1.3160695989159636,-0.6763765847935089,-1.1685282737639602,0,1,-0.37986778225426876,0.3629827044603671,0.12795422784348778,Average,Fail
1,-1.3575038558451809,-0.18351408905484773,-0.41161328744336917,0.8490721459000867,1.2793350964365067,-0.3349958180809541,-1.4524580844768964,0.04460803294459569,1,2,1.011625394396239,-0.08104555370220842,-1.2313265618275702,Average,Average
0,-1.3575038558451809,1.8163028164298258,-1.0511275480998539,0.924351324620763,1.2578670534609913,-0.5475618039285396,0.35839874811767525,-0.016048782390832156,1,0,0.9396912971748504,0.14763336960838971,0.3068069633265218,Fail,Average
0,0.46515866389100746,-0.648988713607314,0.2989581132860581,-1.2724319816826173,1.2220869818351339,-2.902138877932562,-0.9350704180213048,0.833146632305157,2,2,-1.798408179460017,-0.32811245825601226,-1.2670971089241772,Average,Fail
0,0.46515866389100746,-0.7524275190634181,0.08578669306722973,-0.4991095093702124,0.7140099647479576,-0.8255327084984588,0.0997049148898794,1.3184011549885792,1,0,-0.4270565500314981,-0.26022890004196314,-0.6947683553784683,Fail,Fail
1,1.3764899237591015,0.6526162550486582,-1.264298968318682,2.060382567132792,-1.9694954071913557,0.15554107233655076,1.3069428032862611,-0.8652441970868212,1,0,0.5178697510686389,0.4508530997223431,1.594546658804367,Average,Average
1,-0.44617259597708664,-0.05421558223471798,0.014729552994286943,0.6163910480361768,0.17730889036009492,0.10648738329480018,-0.6763765847935089,-1.1078714584285323,0,1,0.5564264271793015,-0.17659744712391515,0.0921836807468811,Average,Pass
1,0.46515866389100746,0.5750371509565798,1.577986634599027,0.3768663884703877,-0.8388451438142586,0.10648738329480018,-0.5901453070509097,0.5905193709634459,1,0,-0.09500875725757746,-0.32358208404256,-0.8378505437648955,Pass,Pass
0,-1.3575038558451809,-0.16627428814549683,1.8622151948907981,0.54795543101738,2.145212829782258,1.8724201887978176,-0.9350704180213048,-0.19801922839711544,0,1,2.392184588269096,-0.33037515396994216,-0.6589978082818615,Pass,Pass
0,0.46515866389100746,0.9198331691435925,-0.12738472715159832,1.1707195458884323,-0.5096684848563694,-1.544986814444133,0.35839874811767525,1.0757738936468684,2,2,-0.2739807911443871,-0.11438291787788282,-0.33706288441240084,Average,Average
0,-1.3575038558451809,-1.7264762704417291,0.15684383314017253,-0.07480868385367143,-0.9533413730170022,1.218371001574478,-2.401002139645482,-0.1373624130616876,1,0,0.13287846273977819,-0.2404674316673111,-1.9109669566630996,Average,Average
1,0.46515866389100746,0.26472073458826895,0.3700152533590006,-0.12271361576682946,-1.2395819460238624,-0.40040073680328836,1.8243304697418528,0.529862555628018,1,0,-0.8920385544705427,-0.26533430222959853,1.2010706407416918,Fail,Average
0,-0.44617259597708664,0.48021824595515183,-1.5485275286104527,-0.26642841150630303,1.8875963140760843,-0.0243224541498679,-0.9350704180213048,-0.7439305664159657,1,0,0.7187097505107515,0.3296209893226511,-0.33706288441240023,Fail,Average
0,-0.44617259597708664,-0.3990116004217306,-1.193241828245739,-0.5470144412833704,-0.8245331151639154,-1.1852597614712963,-1.366226806734298,-1.229185089099388,0,1,-1.3915489255758542,0.02491374865164626,-0.4086039786056142,Average,Fail
1,-1.3575038558451809,-1.0282643336130284,-1.7616989488292811,-1.258744858278858,-0.5311365278318837,0.28635090978121824,-0.24522019608051557,-1.4111555351056713,1,1,-0.9518877233587368,0.3700626825924869,0.6287418871959831,Fail,Fail
0,-0.44617259597708664,-0.4679708040591329,-0.1984418672245411,1.8071707841632434,0.606669749870385,-0.5148593445673727,-1.7973831954472914,-0.8652441970868212,0,0,1.2366352505047369,-0.05332000970827747,-0.9809327321513228,Pass,Pass
0,0.46515866389100746,-0.23523349178289912,1.364815214380199,-0.04743443704615325,0.4492374347166118,0.727834111156973,0.5308613036028728,0.8938034476405851,0,2,0.5690868282902671,-0.3305601533985357,-0.08666905473615288,Pass,Pass
0,-0.44617259597708664,-1.166182740887833,1.8622151948907981,-0.1706185476799875,-1.1322417311462898,-0.08972737287220164,1.4794053587714577,-0.5013033050742545,2,2,-0.7084627383615627,-0.3576750696488787,1.523005564611153,Fail,Average
1,1.3764899237591015,-1.7006165690777029,-0.2694990072974839,-0.3827689604382575,-1.1179297024959471,-0.7601277897761252,0.6170925813454711,0.7724898169697294,2,0,-1.1981900722447656,-0.20650795035083297,0.056413133650274436,Fail,Fail
1,-1.3575038558451809,0.25610083413359414,0.8674152338695997,-0.2527412881025435,-0.28067602645088163,1.0058050157268918,-0.5039140293083114,-1.1078714584285323,2,1,0.22552957996092196,-0.3113721015534295,0.23526586913330844,Pass,Pass
1,1.3764899237591015,1.8163028164298258,0.5121295335048861,0.007314056568885047,-1.4113262898279788,-0.7437765600955414,-0.4176827515657123,0.16592166361545138,2,2,-1.0687086972462683,-0.27076383809100707,-0.44437452570222025,Average,Average
1,-1.3575038558451809,-0.7955270213367946,0.2279009732131153,-0.8344440327623172,-1.1537097741218045,1.529044365505564,0.5308613036028728,-0.016048782390832156,1,0,-0.3108110489217364,-0.2955208171798501,0.4498891517129491,Pass,Average
1,-1.3575038558451809,-0.8386265236101712,-0.05632758707865553,0.21946446932715505,-0.5382925421570552,0.6787804221152219,-1.4524580844768964,0.6511761862988736,2,1,0.24624659996068216,-0.19368057617755272,-1.5890320327936382,Average,Average
1,-1.3575038558451809,0.5577973500472302,1.7911580548178552,0.43161488208542503,1.7587880562229965,0.48256566594822065,0.013473637147281042,-0.8045873817513934,0,0,1.393739318836245,-0.33160790878303037,0.4856596988095564,Pass,Pass
0,-0.44617259597708664,0.6526162550486582,0.7963580937966573,1.184406669292191,-0.6313207283842847,-1.3487720582771312,0.8757864145732677,0.28723529428630684,1,0,-0.2198863500339043,-0.23342499887377074,0.5572007930027697,Average,Average
0,1.3764899237591015,-1.088603636795756,1.1516437941613709,0.5274247459117412,-0.9318733300414879,-0.057024913511034774,-0.7626078625361072,-1.229185089099388,0,2,-0.12493334170167497,-0.2926858826254356,0.0921836807468811,Pass,Pass
0,0.46515866389100746,1.8163028164298258,0.8674152338695997,0.1647159757121177,-0.237739940499852,0.09013615361421644,-0.4176827515657123,1.439714785659435,1,1,0.0436801821852562,-0.2905779435579813,-1.1955560147309632,Average,Pass
1,-1.3575038558451809,-0.6145091117886136,0.5121295335048861,0.07574967358768195,0.7068539504227865,-1.054449924026628,-0.3314514738231139,1.5610284163302905,1,2,-0.16464096336787876,-0.2669288499361089,-1.1955560147309636,Average,Average
1,-0.44617259597708664,0.13542222776813923,-0.05632758707865553,1.7934836607594837,0.4778614920172982,-1.1689085317907124,-1.366226806734298,0.10526484828002354,1,1,0.8199929593984636,-0.0834246667242286,-1.1955560147309636,Fail,Average
0,0.46515866389100746,-1.2179021436158857,0.9384723739425422,-0.47857882426457354,0.0842807041328656,0.6460779627540556,0.5308613036028728,0.16592166361545138,2,0,0.05979341996284856,-0.32690472990640856,0.34257751042312906,Average,Average
1,-0.44617259597708664,0.23886103322424326,0.014729552994286943,1.2117809160997102,-0.4667323989053403,0.3190533691423857,0.9620176923158661,-0.1373624130616876,1,2,0.7584173721769569,-0.13615575385407927,0.879135716872231,Average,Pass
0,0.46515866389100746,1.3335883909680086,-0.05632758707865553,0.08259323528956125,-0.15902378292296587,-0.25323966967803657,0.7033238590880703,0.833146632305157,2,0,-0.15485792614577087,-0.20326804656479827,0.09218368074688174,Pass,Average
0,-1.3575038558451809,-1.7954354740791314,-0.8379561278810256,0.4589891288929442,-0.06599559669573656,1.7743128107143165,1.4794053587714577,0.7118330016343013,2,1,1.2136163393938928,0.002634293656523266,0.807594622679017,Fail,Average
0,-1.3575038558451809,0.38539934095372386,-0.34055614737042667,-0.3553947136307388,0.957314451803789,-1.2343134505130462,1.3931740810288593,0.5905193709634459,0,0,-0.4287829683648115,-0.19313272072685292,0.807594622679017,Average,Average
